thread_name,comments
City Bike Lane Discussions,"I really appreciate the effort to install bike lanes in our city. It makes commuting by bike feel much safer and encourages more people to consider this eco-friendly option. However, the execution seems lacking. The lanes end abruptly in many places, making it dangerous to transition back into regular traffic. One time, I almost collided with a car because the bike lane just disappeared. The city needs to create more continuous bike lanes that don't just stop without warning."
City Bike Lane Discussions,"Honestly, I'm not a fan of the new bike lanes. They take up too much road space, causing more traffic congestion. As a driver, it's become increasingly frustrating to navigate through narrower lanes. I've also noticed that the bike lanes are often empty, which makes me question their necessity. Why should we sacrifice car lanes for bike lanes that are rarely used? Additionally, the lanes are poorly maintained, with lots of debris and potholes that make them unsafe for cyclists."
City Bike Lane Discussions,"I love the new bike lanes! As someone who bikes to work daily, it's made my commute so much smoother and safer. However, I just wish they were more continuous throughout the city. There are still too many gaps where the bike lanes just stop, and it feels risky merging back into traffic. Also, more bike racks are needed around the city. I often struggle to find a secure place to park my bike when I get to my destination."
City Bike Lane Discussions,"The bike lanes are a nice idea, but they are often blocked by parked cars and delivery trucks. It defeats the purpose and forces cyclists back onto the road, which can be quite dangerous. Just last week, I had to swerve around a delivery truck that was parked in the bike lane. The city needs to enforce parking regulations more strictly to ensure that bike lanes remain clear. Also, some of the lanes are too narrow, making it difficult to pass slower cyclists."
City Bike Lane Discussions,"I've noticed a significant improvement in air quality in areas with bike lanes. It seems like they're encouraging more people to bike instead of driving, which is fantastic for our environment. However, the lanes need to be better maintained. There are several stretches with potholes and broken pavement, which can be hazardous. Also, the bike lanes need better lighting for night-time use. I often feel unsafe biking at night because the lanes are poorly lit."
City Bike Lane Discussions,"The bike lanes in our city are a joke. They're poorly planned and even more poorly maintained. I've seen more accidents since they were introduced than ever before. The lanes are often full of debris, and there are no clear markings to indicate where the bike lanes start and end. Additionally, the lanes are too narrow, making it hard for cyclists to navigate safely. The city needs to go back to the drawing board and plan these lanes properly."
City Bike Lane Discussions,"I think the city needs to consult with actual cyclists when planning these lanes. The current setup is not practical and makes me feel less safe on the road. For instance, the bike lanes often merge with pedestrian sidewalks, creating conflicts between cyclists and pedestrians. Also, there are several intersections where it's unclear who has the right of way. This has led to several near-misses and a lot of frustration. Better planning and consultation with cyclists are crucial."
City Bike Lane Discussions,"It's great to see our city making strides towards becoming more bike-friendly. I've started biking more often because of the new lanes, and it feels great! However, there are still some issues that need to be addressed. For example, the bike lanes are not well-lit at night, making it dangerous to bike after dark. Additionally, some parts of the bike lanes are very narrow, which can be a problem when there are a lot of cyclists."
City Bike Lane Discussions,"Why are these bike lanes so narrow? It's hard to pass anyone without veering into traffic. This seems like a major oversight in design. Also, the lanes are often filled with debris and potholes, making them unsafe to ride on. The city needs to invest more in the maintenance of these lanes to make them safe for cyclists. Furthermore, there should be more bike racks around popular destinations. It's frustrating to find a secure place to park my bike."
City Bike Lane Discussions,"The local government has done a great job with the strategic placement of bike lanes near schools and parks. It really helps in promoting a cycling culture among the younger generation. However, there are still issues with the lanes being blocked by parked cars. This is particularly problematic near schools during drop-off and pick-up times. The city needs to enforce no-parking zones more strictly to keep the bike lanes clear."
City Bike Lane Discussions,"I had a bad experience last week where a car nearly hit me at an intersection that's supposed to be bike-friendly. Better signage and signals are needed to prevent these types of incidents. The bike lanes should have clear markings and dedicated traffic lights to ensure the safety of cyclists. Also, the lanes need to be continuous. It's scary when they just disappear, leaving you to merge into busy traffic unexpectedly."
City Bike Lane Discussions,"I love the initiative, but the reality is that these bike lanes are rarely used. I drive by them every day and barely see any cyclists. It feels like a waste of space and resources. Additionally, the lanes are poorly maintained, with cracks and potholes that make them unsafe. The city should either improve the maintenance or reconsider the necessity of these lanes if they're not being utilized effectively."
City Bike Lane Discussions,"As a business owner on a street that now has bike lanes, I've seen an increase in customers who bike here. It's been great for business and the community feels more connected. However, there are still some issues with the lanes being blocked by delivery trucks. This needs to be addressed to ensure that the bike lanes remain clear and safe for cyclists. Additionally, more bike racks are needed to accommodate the increase in cyclists."
City Bike Lane Discussions,"The placement of bike lanes alongside busy roads without any protective barriers is concerning. It's only a matter of time before someone gets seriously injured. The city should consider adding physical barriers to separate the bike lanes from car traffic. This would greatly enhance the safety of cyclists and encourage more people to use the bike lanes. Additionally, the lanes need to be wider to accommodate more cyclists comfortably."
City Bike Lane Discussions,"Bike lanes have transformed our neighborhood for the better. Kids are safer, and there's a noticeable community vibe that wasn't there before. However, the inconsistency in bike lane quality across different parts of the city is frustrating. Some areas have great lanes, while others are completely neglected. The city needs to ensure that all bike lanes are maintained to the same standard to provide a safe and enjoyable experience for all cyclists."
City Bike Lane Discussions,Adding bike lanes without sufficient bike parking facilities near shopping centers and offices is pointless. Where are people supposed to park their bikes securely? I often find myself having to lock my bike to a random pole because there are no bike racks available. This is a major oversight that needs to be corrected.
City Bike Lane Discussions,"The bike lanes have made commuting by bike faster and more appealing. I've cut down my commuting time by 15 minutes! However, during winter, the bike lanes are the first to get blocked by snow, and they're the last to be cleared, if at all. This makes them unusable for a significant part of the year. The city needs to prioritize snow removal from bike lanes to keep them functional year-round."
City Bike Lane Discussions,"The introduction of bike lanes has led to a healthier lifestyle for many residents. I've personally lost weight and feel more energetic since I started biking to work. However, I don't understand why the city didn't extend the bike lanes to more residential areas. They stop just short of where they would be most useful. The city needs to expand the network to cover more areas."
City Bike Lane Discussions,It's disappointing that the bike lanes are not well-lit at night. This is a safety issue that needs to be addressed to ensure cyclists feel safe at all hours. I've had a few close calls with cars because they couldn't see me in the poorly lit lanes. The city should invest in better lighting to make the bike lanes safer.
City Bike Lane Discussions,"I've seen a positive change in traffic flow in areas with bike lanes. It seems like they help in reducing the overall traffic congestion during peak hours. However, the design of some bike lanes is confusing, especially near roundabouts and intersections. More thought needs to go into the planning to avoid confusion and accidents. The bike lanes should have clear markings and signage to guide cyclists and drivers alike."
